{
  "HyperbolicBO": {
    "method": "HyperbolicBO",
    "best_scores": [
      0.9497836321908218,
      0.9499999999999998,
      0.9499999999999998,
      0.9499999999999998,
      0.9499999999999998,
      0.9499999999999998,
      0.9499999999999998,
      0.9499999999999998,
      0.9499999999999998,
      0.9499999999999998,
      0.9499999999999998,
      0.9499999999999998,
      0.9499999999999998,
      0.9499999999999998,
      0.9499999999999998,
      0.9499999999999998,
      0.9499999999999998,
      0.9499999999999998,
      0.9499999999999998,
      0.9499999999999998,
      0.9499999999999998,
      0.9499999999999998,
      0.9499999999999998,
      0.9499999999999998,
      0.9499999999999998,
      0.9499999999999998,
      0.9499999999999998,
      0.9499999999999998,
      0.9499999999999998,
      0.9499999999999998
    ],
    "query_counts": [
      4.0,
      8.0,
      12.0,
      16.0,
      20.0,
      24.0,
      28.0,
      32.0,
      36.0,
      40.0,
      44.0,
      48.0,
      52.0,
      56.0,
      60.0,
      64.0,
      68.0,
      72.0,
      76.0,
      80.0,
      84.0,
      88.0,
      92.0,
      96.0,
      100.0,
      104.0,
      108.0,
      112.0,
      116.0,
      120.0
    ],
    "final_best": 0.9499999999999998,
    "final_queries": 120,
    "total_time": 1.9028586546579997
  },
  "RegularizedEvolution": {
    "method": "RegularizedEvolution",
    "best_scores": [
      0.8800742387082304,
      0.8822580736772756,
      0.9151966067510725,
      0.9151966067510725,
      0.9212352717868971,
      0.9212352717868971,
      0.9212352717868971,
      0.9499999999999998,
      0.9499999999999998,
      0.9499999999999998,
      0.9499999999999998,
      0.9499999999999998,
      0.9499999999999998,
      0.9499999999999998,
      0.9499999999999998,
      0.9499999999999998,
      0.9499999999999998,
      0.9499999999999998,
      0.9499999999999998,
      0.9499999999999998,
      0.9499999999999998,
      0.9499999999999998,
      0.9499999999999998,
      0.9499999999999998,
      0.9499999999999998,
      0.9499999999999998,
      0.9499999999999998,
      0.9499999999999998,
      0.9499999999999998,
      0.9499999999999998
    ],
    "query_counts": [
      4.0,
      8.0,
      12.0,
      16.0,
      20.0,
      24.0,
      28.0,
      32.0,
      36.0,
      40.0,
      44.0,
      48.0,
      52.0,
      56.0,
      60.0,
      64.0,
      68.0,
      72.0,
      76.0,
      80.0,
      84.0,
      88.0,
      92.0,
      96.0,
      100.0,
      104.0,
      108.0,
      112.0,
      116.0,
      120.0
    ],
    "final_best": 0.9499999999999998,
    "final_queries": 120,
    "total_time": 0.0032556851704915366
  },
  "RandomSearch": {
    "method": "RandomSearch",
    "best_scores": [
      0.8800742387082304,
      0.9135395057218867,
      0.9135395057218867,
      0.9135395057218867,
      0.9135395057218867,
      0.9135395057218867,
      0.925272894768905,
      0.9286069459268703,
      0.941764200924544,
      0.941764200924544,
      0.9484756321042225,
      0.9484756321042225,
      0.9499999999999998,
      0.9499999999999998,
      0.9499999999999998,
      0.9499999999999998,
      0.9499999999999998,
      0.9499999999999998,
      0.9499999999999998,
      0.9499999999999998,
      0.9499999999999998,
      0.9499999999999998,
      0.9499999999999998,
      0.9499999999999998,
      0.9499999999999998,
      0.9499999999999998,
      0.9499999999999998,
      0.9499999999999998,
      0.9499999999999998,
      0.9499999999999998
    ],
    "query_counts": [
      4.0,
      8.0,
      12.0,
      16.0,
      20.0,
      24.0,
      28.0,
      32.0,
      36.0,
      40.0,
      44.0,
      48.0,
      52.0,
      56.0,
      60.0,
      64.0,
      68.0,
      72.0,
      76.0,
      80.0,
      84.0,
      88.0,
      92.0,
      96.0,
      100.0,
      104.0,
      108.0,
      112.0,
      116.0,
      120.0
    ],
    "final_best": 0.9499999999999998,
    "final_queries": 120,
    "total_time": 0.005446116129557292
  }
}